"RC1860977"!#"2022/12-1"!#"vente"!#"Propriété"!#"40400"!#"CARCEN-PONSON"!#"France"!#"1554, route de Bégaar"!#""!#""!#"249000"!#""!#""!#""!#""!#"93"!#"5086"!#"13"!#"5"!#"Charmante propriété de 5 086 m² clôturée"!#"Opportunité unique à mi-chemin entre Dax et Mont de Marsan !Cette propriété exceptionnelle de 5 086 m², clôturée et située à seulement 40 km de l'océan, vous offre une vie en harmonie avec la nature.<br>La maison principale, de style traditionnel, vous accueille avec une entrée chaleureuse et une chaufferie. À l'intérieur, découvrez une cuisine entièrement équipée, un vaste espace de vie lumineux avec un accès direct à la terrasse, un élégant salon/séjour, trois chambres confortables, ainsi qu'une salle d'eau récemment rénovée en 2017/2018 (douche à l'italienne, lavabo, bidet) et des toilettes séparées.<br>En plus de cette résidence, vous avez une dépendance (ancienne maison landaise) de 100 m² au sol, prête à être rénovée pour créer une seconde habitation ou un gîte. Ses nombreuses pièces (8) et son grenier aménageable offrent un potentiel incroyable. Vous trouverez également une grande grange en bois d'environ 70 m² et une petite dépendance atypique avec un abri pour le bois.<br>Le tout est niché dans un magnifique airial de 5 086 m², entouré d'arbres et clôturé pour préserver votre intimité. Vous pourrez profiter de la tranquillité absolue de cet endroit, bercé par le doux murmure d'un ruisseau.<br>Avec quelques travaux d'aménagement, cette propriété se transformera en un véritable havre de paix pour votre famille, où la nature est à portée de main.<br>Taxe foncière : 696 €Prix : 249 000€<br>Contact  06 77 31 26 99<br>Les informations sur les risques auxquels, ce bien est exposé sont disponibles sur le site Géorisques : www.georisques.gouv.fr"!#""!#""!#"0"!#""!#""!#"1975"!#""!#"0"!#""!#"1"!#"0"!#"1024"!#""!#"0"!#"0"!#"0"!#"1"!#"0"!#""!#"0"!#"0"!#""!#"0"!#"0"!#"0"!#"0"!#"0"!#""!#""!#""!#""!#""!#""!#""!#""!#""!#""!#""!#""!#"0"!#"0"!#"0"!#"0"!#"0"!#"0"!#"0"!#"0"!#"0"!#"0"!#"0"!#"0"!#"0"!#"0"!#"0"!#"0"!#"0"!#"0"!#""!#""!#"0"!#"SL"!#"0"!#"0"!#"http://127.0.0.1:8000/images/galery/dsc-0888-hdr-645cef2b0e10a826684263.jpg?20230511"!#"http://127.0.0.1:8000/images/galery/dsc-0875-hdr-645cf0686a93d194173197.jpg?20230511"!#"http://127.0.0.1:8000/images/galery/dsc-0748-hdr-645cef91e6a49099723283.jpg?20230511"!#"http://127.0.0.1:8000/images/galery/dsc-0768-hdr-645cefa1890f7976914743.jpg?20230511"!#"http://127.0.0.1:8000/images/galery/dsc-0788-hdr-645cefd654971847748583.jpg?20230511"!#"http://127.0.0.1:8000/images/galery/dsc-0793-hdr-645cefe005855304218215.jpg?20230511"!#"http://127.0.0.1:8000/images/galery/dsc-0878-hdr-645cf05fc04a3233996527.jpg?20230511"!#"http://127.0.0.1:8000/images/galery/dsc-0838-hdr-645cf084f0240812481441.jpg?20230511"!#"http://127.0.0.1:8000/images/galery/dsc-0898-hdr-645cf074ccb3c615221937.jpg?20230511"!#"Photo-2022/12-1-1"!#"Photo-2022/12-1-2"!#"Photo-2022/12-1-3"!#"Photo-2022/12-1-4"!#"Photo-2022/12-1-5"!#"Photo-2022/12-1-6"!#"Photo-2022/12-1-7"!#"Photo-2022/12-1-8"!#"Photo-2022/12-1-9"!#""!#""!#"06.77.31.26.39"!#"PAPs immo"!#"contact@papsimmo.fr"!#"40400"!#"CARCEN-PONSON"!#""!#""!#"22"!#"19/12/2022"!#""!#""!#""!#""!#""!#""!#""!#""!#""!#""!#""!#""!#""!#""!#""!#""!#""!#""!#""!#""!#""!#""!#""!#""!#""!#""!#""!#""!#""!#""!#""!#""!#""!#""!#""!#""!#""!#""!#""!#""!#""!#""!#""!#""!#""!#""!#""!#""!#"0"!#"0"!#"http://127.0.0.1:8000/images/galery/20220413-103557-645cf052e136b553759514.jpg?20230511"!#""!#""!#""!#""!#""!#""!#""!#""!#""!#""!#""!#"219"!#"D"!#"68"!#"B"!#""!#""!#""!#""!#""!#""!#""!#""!#""!#"0"!#"0"!#"0"!#"0"!#""!#""!#""!#""!#""!#""!#""!#""!#""!#""!#""!#""!#""!#""!#""!#""!#""!#""!#""!#""!#""!#""!#""!#""!#""!#""!#""!#""!#""!#""!#""!#""!#""!#""!#""!#""!#""!#""!#""!#""!#""!#""!#""!#""!#""!#""!#""!#""!#""!#""!#""!#""!#""!#""!#""!#""!#""!#""!#""!#""!#""!#""!#""!#""!#""!#""!#""!#"0.00"!#""!#""!#""!#""!#""!#""!#""!#""!#""!#""!#""!#""!#""!#"Photo-2022/12-1-10"!#""!#""!#""!#""!#""!#""!#""!#""!#""!#""!#""!#""!#""!#""!#""!#""!#""!#""!#""!#""!#""!#""!#""!#""!#""!#""!#"4.11"!#""!#""!#""!#""!#""!#""!#""!#""!#""!#""!#""!#""!#""!#""!#""!#""!#""!#""!#""!#""!#""!#""!#"08/03/2022"!#""!#"1600"!#"2220"!#"01/01/2021"!#""!#""!#""!#""!#""
"RC1860977"!#"2023/04-1"!#"vente"!#"Terrain "!#"40240"!#"ESTIGARDE"!#"France"!#"village"!#""!#""!#"19202"!#""!#""!#""!#""!#"0"!#"1143"!#"0"!#"0"!#"Terrain constructible"!#"À la recherche du terrain idéal pour votre projet de construction ? <br>Ne cherchez plus ! Nous vous proposons plusieurs terrains constructibles et viabilisés, allant de 1143 m² à 1476 m², situés dans une charmante commune rurale des Landes d'Armagnac.<br>Ces terrains sont totalement libres de constructeur, ce qui vous permet une grande liberté dans la réalisation de votre projet. De plus, la réglementation en vigueur est souple, se conformant au PLUI (Plan Local d'Urbanisme Intercommunal), ce qui facilite vos démarches administratives.<br>Vous serez ravi d'apprendre que ces terrains offrent la possibilité de construire en R+1, vous permettant ainsi de concevoir une maison spacieuse et adaptée à vos besoins.<br>Concernant l'assainissement, il est individuel, vous garantissant ainsi une parfaite autonomie dans la gestion de celui-ci.<br>Enfin, il est essentiel de noter que ces terrains ne sont pas soumis au DPE (Diagnostic de Performance Énergétique), vous permettant de vous concentrer pleinement sur votre projet de construction.<br>Idéal pour les primo-accédants, cette opportunité vous permettra de réaliser le rêve d'une maison sur mesure, dans un cadre paisible et verdoyant.Prix :  à partir de 19 202€ <br>Contact  06 77 31 26 39 ou  contact@papsimmo.frLes informations sur les risques auxquels, ce bien est exposé sont disponibles sur le site Géorisques : www.georisques.gouv.fr"!#""!#""!#"0"!#""!#""!#""!#""!#"0"!#""!#"0"!#"0"!#""!#""!#"0"!#"0"!#"0"!#"1"!#"0"!#""!#"0"!#"0"!#""!#"0"!#"0"!#"0"!#"0"!#"0"!#""!#""!#""!#""!#""!#""!#""!#""!#""!#""!#""!#""!#"0"!#"0"!#"0"!#"0"!#"0"!#"0"!#"0"!#"0"!#"0"!#"0"!#"0"!#"0"!#"0"!#"0"!#"0"!#"0"!#"0"!#"0"!#""!#""!#"0"!#"SL"!#"0"!#"0"!#"http://127.0.0.1:8000/images/galery/terrain02052023-6450f62302a6a975098355.jpg?20230502"!#""!#""!#""!#""!#""!#""!#""!#""!#"Photo-2023/04-1-1"!#""!#""!#""!#""!#""!#""!#""!#""!#""!#""!#"06.77.31.26.39"!#"PAPs immo"!#"contact@papsimmo.fr"!#"40240"!#"ESTIGARDE"!#""!#""!#"31"!#"03/04/2023"!#""!#""!#""!#""!#""!#""!#""!#""!#""!#""!#""!#""!#""!#""!#""!#""!#""!#""!#""!#""!#""!#""!#""!#""!#""!#""!#""!#""!#""!#""!#""!#""!#""!#""!#""!#""!#""!#""!#""!#""!#""!#""!#""!#""!#""!#""!#""!#""!#"0"!#"0"!#""!#""!#""!#""!#""!#""!#""!#""!#""!#""!#""!#""!#"0"!#"NS"!#"0"!#"NS"!#""!#""!#""!#""!#""!#""!#""!#""!#""!#"0"!#"0"!#"0"!#"0"!#""!#""!#""!#""!#""!#""!#""!#""!#""!#""!#""!#""!#""!#""!#""!#""!#""!#""!#""!#""!#""!#""!#""!#""!#""!#""!#""!#""!#""!#""!#""!#""!#""!#""!#""!#""!#""!#""!#""!#""!#""!#""!#""!#""!#""!#""!#""!#""!#""!#""!#""!#""!#""!#""!#""!#""!#""!#""!#""!#""!#""!#""!#""!#""!#""!#""!#""!#"0.00"!#""!#""!#""!#""!#""!#""!#""!#""!#""!#""!#""!#""!#""!#""!#""!#""!#""!#""!#""!#""!#""!#""!#""!#""!#""!#""!#""!#""!#""!#""!#""!#""!#""!#""!#""!#""!#""!#""!#""!#""!#"4.11"!#""!#""!#""!#""!#""!#""!#""!#""!#""!#""!#""!#""!#""!#""!#""!#""!#""!#""!#""!#""!#""!#""!#""!#""!#"0"!#"0"!#""!#""!#""!#""!#""!#""
"RC1860977"!#"2023/04-3"!#"vente"!#"Immeuble "!#"40100"!#"DAX"!#"France"!#"80 avenue des tuileries"!#""!#""!#"296800"!#""!#""!#""!#""!#"144"!#"359"!#"6"!#"4"!#"Immeuble"!#"Au centre de Dax, cet immeuble à usage d'habitation est composé de 2 studios, de 2 T2 et 1 sous-sol.<br> - au rez-de-chaussée : 2 studios avec coin cuisine, espace nuit avec placard,  salle d'eau (meuble vasque, douche, wc)<br>- au premier étage : - un appartement de type 2 pièces comprenant une pièce de vie avec cuisine, une chambre, une salle de bain (meuble vasque, baignoire, wc)<br>- au deuxième étage : - un appartement mansardé de type 2 pièces comprenant une pièce de vie, une cuisine, une chambre, une salle d'eau (meuble vasque, douche) et wc séparé.<br>Le tout sur un terrain de 359 m² avec parking privatif.<br>Rapport locatif environ 20 000 euros de revenus fonciers par an.<br>Pas de copropriété, parfait pour investisseur.<br>Taxe foncière : 2248€Prix : 296 800€<br>Contact  06 77 31 26 39 ou  contact@papsimmo.frLes informations sur les risques auxquels, ce bien est exposé sont disponibles sur le site Géorisques : www.georisques.gouv.fr"!#""!#""!#"0"!#""!#""!#"1940"!#""!#"0"!#""!#"0"!#"0"!#""!#""!#"0"!#"0"!#"0"!#"1"!#"3"!#""!#"0"!#"0"!#""!#"0"!#"0"!#"0"!#"0"!#"0"!#""!#""!#""!#""!#""!#""!#""!#""!#""!#""!#""!#""!#"0"!#"0"!#"0"!#"0"!#"0"!#"0"!#"0"!#"0"!#"0"!#"0"!#"0"!#"0"!#"0"!#"0"!#"0"!#"0"!#"0"!#"0"!#""!#""!#"0"!#"SL"!#"0"!#"0"!#"http://127.0.0.1:8000/images/galery/dscn4491-6450bddb2bfdd180269098.jpg?20230502"!#"http://127.0.0.1:8000/images/galery/20230428-133031-6450be04ed67e545951404.jpg?20230502"!#"http://127.0.0.1:8000/images/galery/img-1637-6450be3313abf995090194.jpg?20230502"!#"http://127.0.0.1:8000/images/galery/img-1638-6450be468befd606669978.jpg?20230502"!#"http://127.0.0.1:8000/images/galery/2020-stud-1-6450a021af8cb403804418.jpg?20230502"!#"http://127.0.0.1:8000/images/galery/2020-stud-2-6450adaf33006426976929.jpg?20230502"!#"http://127.0.0.1:8000/images/galery/img-1639-6450be2581b0f310396792.jpg?20230502"!#"http://127.0.0.1:8000/images/galery/20230428-133025-6450be6ae9f3f607280841.jpg?20230502"!#""!#"Photo-2023/04-3-1"!#"Photo-2023/04-3-2"!#"Photo-2023/04-3-3"!#"Photo-2023/04-3-4"!#"Photo-2023/04-3-5"!#"Photo-2023/04-3-6"!#"Photo-2023/04-3-7"!#"Photo-2023/04-3-8"!#""!#""!#""!#"06.77.31.26.39"!#"PAPs immo"!#"contact@papsimmo.fr"!#"40100"!#"DAX"!#""!#""!#"34"!#"30/04/2023"!#""!#""!#""!#""!#""!#""!#""!#""!#""!#""!#""!#""!#""!#""!#""!#""!#""!#""!#""!#""!#""!#""!#""!#""!#""!#""!#""!#""!#""!#""!#""!#""!#""!#""!#""!#""!#""!#""!#""!#""!#""!#""!#""!#""!#""!#""!#""!#""!#"0"!#"0"!#""!#""!#""!#""!#""!#""!#""!#""!#""!#""!#""!#""!#"308"!#"E"!#"10"!#"A"!#""!#""!#""!#""!#""!#""!#""!#""!#""!#"0"!#"0"!#"0"!#"0"!#""!#""!#""!#""!#""!#""!#""!#""!#""!#""!#""!#""!#""!#""!#""!#""!#""!#""!#""!#""!#""!#""!#""!#""!#""!#""!#""!#""!#""!#""!#""!#""!#""!#""!#""!#""!#""!#""!#""!#""!#""!#""!#""!#""!#""!#""!#""!#""!#""!#""!#""!#""!#""!#""!#""!#""!#""!#""!#""!#""!#""!#""!#""!#""!#""!#""!#""!#"0.00"!#""!#""!#""!#""!#""!#""!#""!#""!#""!#""!#""!#""!#""!#""!#""!#""!#""!#""!#""!#""!#""!#""!#""!#""!#""!#""!#""!#""!#""!#""!#""!#""!#""!#""!#""!#""!#""!#""!#""!#""!#"4.11"!#""!#""!#""!#""!#""!#""!#""!#""!#""!#""!#""!#""!#""!#""!#""!#""!#""!#""!#""!#""!#""!#""!#"04/04/2023"!#""!#"2660"!#"3650"!#"01/01/2021"!#""!#""!#""!#""!#""
"RC1860977"!#"2022/12-1AA"!#"vente"!#"Maison "!#"40400"!#"TARTAS"!#"France"!#"1554, route de Bégaar"!#""!#""!#"249000"!#""!#""!#""!#""!#"93"!#"5086"!#"6"!#"3"!#"PROPRIETE AVEC MAISONS, DÉPENDANCE/GRANGE."!#"À une quarantaine de kilomètres de l’océan et à mi-chemin entre Dax et Mont de Marsan, cette propriété de 5 086 m² clôturée comprend : Une maison traditionnelle avec une entrée/chaufferie, un couloir desservant, une cuisine équipée, un grand espace pièce de vie avec accès terrasse, un beau salon/séjour, trois chambres, une salle d'eau refaite en 2017/2018 (douche italienne, lavabo, bidet), WC séparé plus une dépendance (ancienne maison type landaise) à entièrement rénover sur environ 100 m² au sol pour créer une deuxième habitation et/ou gite, maison d'hôte grâce à ses nombreuses pièces (8) et son grenier aménageable plus une grande grange d'environ 70 m² en bois et une petite dépendance atypique avec abri bois. Le tout dans un airial de 5 086 m² arboré, clôturé et sans vis-à-vis, au calme avec un ruisseau. Après avoir effectué quelques travaux, ce havre de paix et de tranquillité sera pour votre famille, un véritable lieu de vie dans la nature. <br>Taxe foncière : 696 €Prix : 249 000€<br>Contact  06 77 31 26 99<br>Les informations sur les risques auxquels, ce bien est exposé sont disponibles sur le site Géorisques : www.georisques.gouv.fr"!#""!#""!#"0"!#""!#""!#"1975"!#""!#"0"!#""!#"1"!#"0"!#"1024"!#""!#"0"!#"0"!#"0"!#"1"!#"0"!#""!#"0"!#"0"!#""!#"0"!#"0"!#"0"!#"0"!#"0"!#""!#""!#""!#""!#""!#""!#""!#""!#""!#""!#""!#""!#"0"!#"0"!#"0"!#"0"!#"0"!#"0"!#"0"!#"0"!#"0"!#"0"!#"0"!#"0"!#"0"!#"0"!#"0"!#"0"!#"0"!#"0"!#""!#""!#"0"!#"SL"!#"0"!#"0"!#"http://127.0.0.1:8000/images/galery/dsc-0875-hdr-646230e5b8381892385670.jpg?20230515"!#"http://127.0.0.1:8000/images/galery/dsc-0888-hdr-646230c979574534358433.jpg?20230515"!#"http://127.0.0.1:8000/images/galery/dsc-0768-hdr-6462310cde7e5453275875.jpg?20230515"!#"http://127.0.0.1:8000/images/galery/dsc-0773-hdr-646231179618e442577051.jpg?20230515"!#"http://127.0.0.1:8000/images/galery/dsc-0793-hdr-64623124bee5b258080950.jpg?20230515"!#"http://127.0.0.1:8000/images/galery/dsc-0823-hdr-64623170e8d01825180124.jpg?20230515"!#"http://127.0.0.1:8000/images/galery/dsc-0863-hdr-6462318445a7e509982848.jpg?20230515"!#"http://127.0.0.1:8000/images/galery/dsc-0838-hdr-6462318d0fe2f063761397.jpg?20230515"!#"http://127.0.0.1:8000/images/galery/dsc-0858-hdr-646231b8256b5801267982.jpg?20230515"!#"Photo-2022/12-1A-1"!#"Photo-2022/12-1A-2"!#"Photo-2022/12-1A-3"!#"Photo-2022/12-1A-4"!#"Photo-2022/12-1A-5"!#"Photo-2022/12-1A-6"!#"Photo-2022/12-1A-7"!#"Photo-2022/12-1A-8"!#"Photo-2022/12-1A-9"!#""!#""!#"06.77.31.26.39"!#"PAPs immo"!#"contact@papsimmo.fr"!#"40400"!#"TARTAS"!#""!#""!#"22A"!#"19/12/2022"!#""!#""!#""!#""!#""!#""!#""!#""!#""!#""!#""!#""!#""!#""!#""!#""!#""!#""!#""!#""!#""!#""!#""!#""!#""!#""!#""!#""!#""!#""!#""!#""!#""!#""!#""!#""!#""!#""!#""!#""!#""!#""!#""!#""!#""!#""!#""!#""!#"0"!#"0"!#"http://127.0.0.1:8000/images/galery/dsc-0898-hdr-646231d10517b524454751.jpg?20230515"!#"http://127.0.0.1:8000/images/galery/20220413-103557-646231ff21de5136138665.jpg?20230515"!#""!#""!#""!#""!#""!#""!#""!#""!#""!#""!#"219"!#"D"!#"68"!#"B"!#""!#""!#""!#""!#""!#""!#""!#""!#""!#"0"!#"0"!#"0"!#"0"!#""!#""!#""!#""!#""!#""!#""!#""!#""!#""!#""!#""!#""!#""!#""!#""!#""!#""!#""!#""!#""!#""!#""!#""!#""!#""!#""!#""!#""!#""!#""!#""!#""!#""!#""!#""!#""!#""!#""!#""!#""!#""!#""!#""!#""!#""!#""!#""!#""!#""!#""!#""!#""!#""!#""!#""!#""!#""!#""!#""!#""!#""!#""!#""!#""!#""!#""!#"0.00"!#""!#""!#""!#""!#""!#""!#""!#""!#""!#""!#""!#""!#""!#"Photo-2022/12-1A-10"!#"Photo-2022/12-1A-11"!#""!#""!#""!#""!#""!#""!#""!#""!#""!#""!#""!#""!#""!#""!#""!#""!#""!#""!#""!#""!#""!#""!#""!#""!#""!#"4.11"!#""!#""!#""!#""!#""!#""!#""!#""!#""!#""!#""!#""!#""!#""!#""!#""!#""!#""!#""!#""!#""!#""!#"08/03/2022"!#""!#"1600"!#"2220"!#"01/01/2021"!#""!#""!#""!#""!#""
"RC1860977"!#"2023/05-1"!#"vente"!#"Maison "!#"40090"!#"MAZEROLLES"!#"France"!#"6 rue des charmes"!#""!#""!#"334800"!#""!#""!#""!#""!#"118"!#"588"!#"5"!#"3"!#"Maison neuve 3 chambres sur terrain de 588 m²"!#"À côté de Mont de Marsan, sur la commune de Mazerolles, très belle maison de 2023 avec prestation de qualité.<br>Elle vous accueille par une entrée/hall  avec espace placard, un salon-séjour spacieux, très lumineux avec une cuisine, qui est très fonctionnelle puisqu'à la fois ouverte sur le séjour et accolée au cellier et arrière-cuisine, 3 grandes chambres de plus de 12 m² dont 1 avec dressing et salle d'eau,  une salle de bain avec douche, un espace pour baignoire d'angle, meuble vasque et un WC séparé avec lave main. <br>Presque 50% de la surface habitable sont consacrés à l'espace commun (salon, séjour, cuisine). <br>Vous serez séduit par sa terrasse couverte, son garage intégré. Pour vous assurer un confort de vie, un mode de chauffage par climatisation gainable multi-zones, volets roulants électriques centralisés.<br>Construite sur un terrain de 588 m² situé dans un tout nouveau lotissement, produit rare et très recherché.Prix : 344 800€<br>Contact 06 77 31 26 39 ou  contact@papsimmo.frLes informations sur les risques auxquels, ce bien est exposé sont disponibles sur le site Géorisques : www.georisques.gouv.fr"!#""!#""!#"0"!#""!#""!#"2023"!#""!#"0"!#""!#"1"!#"0"!#"20480"!#""!#"0"!#"0"!#"0"!#"1"!#"0"!#""!#"0"!#"0"!#""!#"0"!#"0"!#"0"!#"0"!#"1"!#""!#""!#""!#""!#""!#""!#""!#""!#""!#""!#""!#""!#"0"!#"0"!#"0"!#"0"!#"0"!#"0"!#"0"!#"0"!#"0"!#"0"!#"0"!#"0"!#"0"!#"0"!#"0"!#"0"!#"0"!#"0"!#""!#""!#"0"!#"SL"!#"0"!#"0"!#"http://127.0.0.1:8000/images/galery/20230503-174638-6465d3aa337e7173350497.jpg?20230518"!#"http://127.0.0.1:8000/images/galery/20230503-180905-6465d2a34f50a286353273.jpg?20230518"!#"http://127.0.0.1:8000/images/galery/20230503-174711-6465d35a1ea48862354545.jpg?20230518"!#"http://127.0.0.1:8000/images/galery/20230503-174605-6465d37404a87704141782.jpg?20230518"!#"http://127.0.0.1:8000/images/galery/20230503-174311-6465d44bc863d545946253.jpg?20230518"!#"http://127.0.0.1:8000/images/galery/20230503-174424-6465d38c4af0e054330968.jpg?20230518"!#"http://127.0.0.1:8000/images/galery/20230503-174513-6465d39a5c1f2047763603.jpg?20230518"!#"http://127.0.0.1:8000/images/galery/20230503-174538-6465d3f340620796922978.jpg?20230518"!#"http://127.0.0.1:8000/images/galery/20230503-174141-6465d3fcb64fd204588334.jpg?20230518"!#"Photo-2023/05-1-1"!#"Photo-2023/05-1-2"!#"Photo-2023/05-1-3"!#"Photo-2023/05-1-4"!#"Photo-2023/05-1-5"!#"Photo-2023/05-1-6"!#"Photo-2023/05-1-7"!#"Photo-2023/05-1-8"!#"Photo-2023/05-1-9"!#""!#""!#"06.77.31.26.39"!#"PAPs immo"!#"contact@papsimmo.fr"!#"40090"!#"MAZEROLLES"!#""!#""!#"35"!#"18/05/2023"!#""!#""!#""!#""!#""!#""!#""!#""!#""!#""!#""!#""!#""!#""!#""!#""!#""!#""!#""!#""!#""!#""!#""!#""!#""!#""!#""!#""!#""!#""!#""!#""!#""!#""!#""!#""!#""!#""!#""!#""!#""!#""!#""!#""!#""!#""!#""!#""!#"0"!#"0"!#"http://127.0.0.1:8000/images/galery/dscn4510-6465d442cbf89365140843.jpg?20230518"!#"http://127.0.0.1:8000/images/galery/dscn4514-6465d4625f608888821062.jpg?20230518"!#"http://127.0.0.1:8000/images/galery/20230503-181358-6465d238a4638604148977.jpg?20230518"!#""!#""!#""!#""!#""!#""!#""!#""!#""!#"5"!#"A"!#"2"!#"A"!#""!#""!#""!#""!#""!#""!#""!#""!#""!#"0"!#"0"!#"0"!#"0"!#""!#""!#""!#""!#""!#""!#""!#""!#""!#""!#""!#""!#""!#""!#""!#""!#""!#""!#""!#""!#""!#""!#""!#""!#""!#""!#""!#""!#""!#""!#""!#""!#""!#""!#""!#""!#""!#""!#""!#""!#""!#""!#""!#""!#""!#""!#""!#""!#""!#""!#""!#""!#""!#""!#""!#""!#""!#""!#""!#""!#""!#""!#""!#""!#""!#""!#""!#"0.00"!#""!#""!#""!#""!#""!#""!#""!#""!#""!#""!#""!#""!#""!#"Photo-2023/05-1-10"!#"Photo-2023/05-1-11"!#"Photo-2023/05-1-12"!#""!#""!#""!#""!#""!#""!#""!#""!#""!#""!#""!#""!#""!#""!#""!#""!#""!#""!#""!#""!#""!#""!#""!#""!#"4.11"!#""!#""!#""!#""!#""!#""!#""!#""!#""!#""!#""!#""!#""!#""!#""!#""!#""!#""!#""!#""!#""!#""!#"27/03/2023"!#""!#"660"!#"950"!#"01/01/2023"!#""!#""!#""!#""!#""
"RC1860977"!#"2023/06-1"!#"vente"!#"Maison "!#"40090"!#"CAMPAGNE"!#"France"!#"260 Rte  de Naoutucq"!#""!#""!#"235000"!#""!#""!#""!#""!#"115"!#"1400"!#"4"!#"3"!#"Magnifique maison de qualité à Campagne, à proximité de Mont de Marsan !"!#"Découvrez cette superbe maison construite en 2005, où chaque détail respire la qualité. Dès votre arrivée, vous serez accueilli par un hall d'entrée doté d'un espace placard, ouvrant la voie vers un spacieux salon-séjour baigné de lumière naturelle. La cuisine, à la fois fonctionnelle et esthétique, est ouverte sur le séjour et adjacente à un cellier/buanderie avec un accès extérieur. Vous y trouverez également trois chambres avec placards, une salle de bain équipée d'une douche, d'une baignoire et d'un meuble vasque, ainsi qu'un WC séparé avec lave-mains.<br>Le point fort de cette maison réside dans sa terrasse couverte et son espace voiture abrité, offrant un confort incomparable. De plus, l'extérieur spacieux est prêt à accueillir votre piscine, tout en étant adossé à une forêt, garantissant ainsi une intimité totale.<br>Pour votre confort au quotidien, la climatisation assure un chauffage efficace, tandis que les volets roulants électriques ajoutent une touche de praticité.<br>Cette propriété est érigée sur un terrain de 1400 m², situé dans un environnement calme, faisant de cette offre un bien rare et très prisé. De plus, vous profiterez de la proximité des écoles primaires, des services médicaux, de la pharmacie, de la boulangerie-pâtisserie et des services publics.<br>Taxe foncière : 807€Prix : 235 000€<br>Contact 06 77 31 26 39 ou  contact@papsimmo.frLes informations sur les risques auxquels, ce bien est exposé sont disponibles sur le site Géorisques : www.georisques.gouv.fr"!#""!#""!#"0"!#""!#""!#"2005"!#""!#"1"!#""!#"1"!#"0"!#"24576"!#""!#"0"!#"0"!#"0"!#"1"!#"0"!#""!#"0"!#"0"!#""!#"0"!#"0"!#"0"!#"0"!#"1"!#""!#""!#""!#""!#""!#""!#""!#""!#""!#""!#""!#""!#"0"!#"0"!#"0"!#"0"!#"0"!#"0"!#"0"!#"0"!#"0"!#"0"!#"0"!#"0"!#"0"!#"0"!#"0"!#"0"!#"0"!#"0"!#""!#""!#"0"!#"SL"!#"0"!#"0"!#"http://127.0.0.1:8000/images/galery/20230617-120658-648db60e7a6c4857469071.jpg?20230617"!#"http://127.0.0.1:8000/images/galery/20230617-120737-648db6cd69a6a256424306.jpg?20230617"!#"http://127.0.0.1:8000/images/galery/20230617-120600-648db6209ed8b593198398.jpg?20230617"!#"http://127.0.0.1:8000/images/galery/20230617-120130-648db6602fa5a587124546.jpg?20230617"!#"http://127.0.0.1:8000/images/galery/20230617-120213-648db63d61579306772936.jpg?20230617"!#"http://127.0.0.1:8000/images/galery/20230617-120050-648dc5a46a81d484072383.jpg?20230617"!#"http://127.0.0.1:8000/images/galery/20230617-120427-648db686f3fa7179431854.jpg?20230617"!#"http://127.0.0.1:8000/images/galery/20230617-120442-648db6953bb1e251983087.jpg?20230617"!#"http://127.0.0.1:8000/images/galery/20230617-120228-648db6bf6064c659472767.jpg?20230617"!#"Photo-2023/06-1-1"!#"Photo-2023/06-1-2"!#"Photo-2023/06-1-3"!#"Photo-2023/06-1-4"!#"Photo-2023/06-1-5"!#"Photo-2023/06-1-6"!#"Photo-2023/06-1-7"!#"Photo-2023/06-1-8"!#"Photo-2023/06-1-9"!#""!#""!#"06.77.31.26.39"!#"PAPs immo"!#"contact@papsimmo.fr"!#"40090"!#"CAMPAGNE"!#""!#""!#"37"!#"17/06/2023"!#""!#""!#""!#""!#""!#""!#""!#""!#""!#""!#""!#""!#""!#""!#""!#""!#""!#""!#""!#""!#""!#""!#""!#""!#""!#""!#""!#""!#""!#""!#""!#""!#""!#""!#""!#""!#""!#""!#""!#""!#""!#""!#""!#""!#""!#""!#""!#""!#"0"!#"0"!#""!#""!#""!#""!#""!#""!#""!#""!#""!#""!#""!#""!#"246"!#"E"!#"7"!#"A"!#""!#""!#""!#""!#""!#""!#""!#""!#""!#"0"!#"0"!#"0"!#"0"!#""!#""!#""!#""!#""!#""!#""!#""!#""!#""!#""!#""!#""!#""!#""!#""!#""!#""!#""!#""!#""!#""!#""!#""!#""!#""!#""!#""!#""!#""!#""!#""!#""!#""!#""!#""!#""!#""!#""!#""!#""!#""!#""!#""!#""!#""!#""!#""!#""!#""!#""!#""!#""!#""!#""!#""!#""!#""!#""!#""!#""!#""!#""!#""!#""!#""!#""!#"0.00"!#""!#""!#""!#""!#""!#""!#""!#""!#""!#""!#""!#""!#""!#""!#""!#""!#""!#""!#""!#""!#""!#""!#""!#""!#""!#""!#""!#""!#""!#""!#""!#""!#""!#""!#""!#""!#""!#""!#""!#""!#"4.11"!#""!#""!#""!#""!#""!#""!#""!#""!#""!#""!#""!#""!#""!#""!#""!#""!#""!#""!#""!#""!#""!#""!#"07/12/2022"!#""!#"1720"!#"2360"!#"01/01/2021"!#""!#""!#""!#""!#""
"RC1860977"!#"2023/06-1AA"!#"vente"!#"Maison "!#"40000"!#"MONT-DE-MARSAN"!#"France"!#"260 Rte  de Naoutucq"!#""!#""!#"235000"!#""!#""!#""!#""!#"115"!#"1400"!#"4"!#"3"!#"Maison contemporaine de 115m²  3 chambres sur 1400 m² de terrain"!#"Cette superbe maison contemporaine de 2005 offre des prestations de qualité et un cadre de vie exceptionnel.<br>Dès votre entrée, vous serez accueillis par un hall spacieux avec espace de rangement. Le salon-séjour lumineux et généreux s'ouvre sur une cuisine fonctionnelle, idéalement située entre le séjour et le cellier/buanderie avec accès extérieur.<br>La maison dispose de trois chambres confortables avec placards, une salle de bain équipée d'une douche, d'une baignoire et d'un meuble vasque, ainsi qu'un WC séparé avec lave-main.<br>L'extérieur n'est pas en reste avec une terrasse couverte et un emplacement voiture, le tout dans un espace piscinable sans vis-à-vis bordé par une forêt pour une tranquillité absolue.<br>Pour votre confort, la maison est équipée d'une climatisation réversible et de volets roulants électriques. Le tout sur un terrain de 1400 m², au calme, un produit rare et très recherché sur la commune de CAMPAGNE<br>Idéalement située, vous serez à proximité d'écoles primaires, de médecins, d'une pharmacie, d'une boulangerie-pâtisserie et de services publics.<br>Taxe foncière : 807€Prix : 235 000€<br>Contact 06 77 31 26 39 ou  contact@papsimmo.frLes informations sur les risques auxquels, ce bien est exposé sont disponibles sur le site Géorisques : www.georisques.gouv.fr"!#""!#""!#"0"!#""!#""!#"2005"!#""!#"1"!#""!#"1"!#"0"!#"24576"!#""!#"0"!#"0"!#"0"!#"1"!#"0"!#""!#"0"!#"0"!#""!#"0"!#"0"!#"0"!#"0"!#"1"!#""!#""!#""!#""!#""!#""!#""!#""!#""!#""!#""!#""!#"0"!#"0"!#"0"!#"0"!#"0"!#"0"!#"0"!#"0"!#"0"!#"0"!#"0"!#"0"!#"0"!#"0"!#"0"!#"0"!#"0"!#"0"!#""!#""!#"0"!#"SL"!#"0"!#"0"!#"http://127.0.0.1:8000/images/galery/20230617-120756-6494110ed055f599110537.jpg?20230622"!#"http://127.0.0.1:8000/images/galery/20230617-120050-649410ea6c171451412234.jpg?20230622"!#"http://127.0.0.1:8000/images/galery/20230617-120147-6494105b6fdff537198431.jpg?20230622"!#"http://127.0.0.1:8000/images/galery/20230617-120032-649410ac75244705266718.jpg?20230622"!#"http://127.0.0.1:8000/images/galery/20230617-120437-649410bee794d604935466.jpg?20230622"!#"http://127.0.0.1:8000/images/galery/20230617-120421-649410cac604c549564505.jpg?20230622"!#"http://127.0.0.1:8000/images/galery/20230617-120600-6494109b9f9cd910607415.jpg?20230622"!#"http://127.0.0.1:8000/images/galery/20230617-120737-6494101e3ae76500745332.jpg?20230622"!#""!#"Photo-2023/06-1A-1"!#"Photo-2023/06-1A-2"!#"Photo-2023/06-1A-3"!#"Photo-2023/06-1A-4"!#"Photo-2023/06-1A-5"!#"Photo-2023/06-1A-6"!#"Photo-2023/06-1A-7"!#"Photo-2023/06-1A-8"!#""!#""!#""!#"06.77.31.26.39"!#"PAPs immo"!#"contact@papsimmo.fr"!#"40000"!#"MONT-DE-MARSAN"!#""!#""!#"37A"!#"17/06/2023"!#""!#""!#""!#""!#""!#""!#""!#""!#""!#""!#""!#""!#""!#""!#""!#""!#""!#""!#""!#""!#""!#""!#""!#""!#""!#""!#""!#""!#""!#""!#""!#""!#""!#""!#""!#""!#""!#""!#""!#""!#""!#""!#""!#""!#""!#""!#""!#""!#"0"!#"0"!#""!#""!#""!#""!#""!#""!#""!#""!#""!#""!#""!#""!#"246"!#"E"!#"7"!#"A"!#""!#""!#""!#""!#""!#""!#""!#""!#""!#"0"!#"0"!#"0"!#"0"!#""!#""!#""!#""!#""!#""!#""!#""!#""!#""!#""!#""!#""!#""!#""!#""!#""!#""!#""!#""!#""!#""!#""!#""!#""!#""!#""!#""!#""!#""!#""!#""!#""!#""!#""!#""!#""!#""!#""!#""!#""!#""!#""!#""!#""!#""!#""!#""!#""!#""!#""!#""!#""!#""!#""!#""!#""!#""!#""!#""!#""!#""!#""!#""!#""!#""!#""!#"0.00"!#""!#""!#""!#""!#""!#""!#""!#""!#""!#""!#""!#""!#""!#""!#""!#""!#""!#""!#""!#""!#""!#""!#""!#""!#""!#""!#""!#""!#""!#""!#""!#""!#""!#""!#""!#""!#""!#""!#""!#""!#"4.11"!#""!#""!#""!#""!#""!#""!#""!#""!#""!#""!#""!#""!#""!#""!#""!#""!#""!#""!#""!#""!#""!#""!#"07/12/2022"!#""!#"1720"!#"2360"!#"01/01/2021"!#""!#""!#""!#""!#""
"RC1860977"!#"2023/07-2"!#"vente"!#"Maison "!#"40310"!#"GABARRET"!#"France"!#"32-36 PLACE DE LA FONTAINE"!#""!#""!#"215000"!#""!#""!#""!#""!#"320"!#"995"!#"14"!#"8"!#"Ensemble immobilier au cœur de Gabarret"!#"Opportunité exceptionnelle pour les investisseurs : Ensemble immobilier avec énorme potentiel au cœur de GabarretCet ensemble immobilier unique, idéalement situé au cœur de Gabarret, offre un potentiel incroyable et représente une opportunité à ne pas manquer.<br>Composé d'un immeuble d'environ 200 m² répartis sur trois niveaux, cette propriété propose une configuration flexible pour votre projet d'investissement.<br>Au rez-de-chaussée, vous découvrirez un appartement T3 prêt à être occupé, offrant un revenu locatif immédiat. Au premier étage, un magnifique plateau à réhabiliter vous permettra de laisser libre cours à votre créativité et de façonner un espace selon vos besoins et envies. Le dernier étage, actuellement un vaste grenier, offre un potentiel d'aménagement exceptionnel pour créer des espaces de vie supplémentaires.<br>En plus de l'immeuble principal, cette propriété comprend également deux maisons mitoyennes d'environ 60 m² chacune, toutes deux de type T3, donnant sur un charmant patio. Ces maisons constituent une opportunité supplémentaire de location ou de revente, augmentant ainsi le potentiel de rendement de votre investissement.<br>Le lot de 995 m² comprend une grande cour intérieure, offrant un espace polyvalent pour aménager des dépendances, un garage ou un parking. De plus, le raccordement tout-à-l'égout est déjà réalisé, ce qui facilite les démarches administratives.<br>Certes, des travaux sont à prévoir, mais imaginez les possibilités offertes par cet ensemble immobilier ! Que vous soyez un investisseur averti à la recherche d'un projet lucratif ou un professionnel du bâtiment passionné par la rénovation, cette propriété est faite pour vous.<br>Ne laissez pas passer cette occasion unique de réaliser un investissement prometteur et découvrez par vous-même le potentiel illimité de cet ensemble immobilier exceptionnel.<br>Taxe foncière : 1336€Prix : 215 000€<br>Contact 06 77 31 26 39 ou  contact@papsimmo.frLes informations sur les risques auxquels, ce bien est exposé sont disponibles sur le site Géorisques : www.georisques.gouv.fr"!#""!#""!#"3"!#""!#""!#"1900"!#""!#"0"!#""!#"3"!#"0"!#""!#""!#"0"!#"0"!#"0"!#"1"!#"0"!#""!#"0"!#"0"!#""!#"0"!#"0"!#"0"!#"0"!#"1"!#""!#""!#""!#""!#""!#""!#""!#""!#""!#""!#""!#""!#"0"!#"0"!#"0"!#"0"!#"0"!#"0"!#"0"!#"0"!#"0"!#"0"!#"0"!#"0"!#"0"!#"0"!#"0"!#"0"!#"0"!#"0"!#""!#""!#"0"!#"SL"!#"0"!#"0"!#"http://127.0.0.1:8000/images/galery/20230707-124909-64abbaf6069d8264242083.jpg?20230710"!#"http://127.0.0.1:8000/images/galery/20230707-130449-64abbadb81f58703477860.jpg?20230710"!#"http://127.0.0.1:8000/images/galery/20230707-130345-64abbaec0935e676439448.jpg?20230710"!#"http://127.0.0.1:8000/images/galery/img-0541-64abbb5bb8644655326520.jpg?20230710"!#""!#""!#""!#""!#""!#"Photo-2023/07-2-1"!#"Photo-2023/07-2-2"!#"Photo-2023/07-2-3"!#"Photo-2023/07-2-4"!#""!#""!#""!#""!#""!#""!#""!#"06.77.31.26.39"!#"PAPs immo"!#"contact@papsimmo.fr"!#"40310"!#"GABARRET"!#""!#""!#"39"!#"10/07/2023"!#""!#""!#""!#""!#""!#""!#""!#""!#""!#""!#""!#""!#""!#""!#""!#""!#""!#""!#""!#""!#""!#""!#""!#""!#""!#""!#""!#""!#""!#""!#""!#""!#""!#""!#""!#""!#""!#""!#""!#""!#""!#""!#""!#""!#""!#""!#""!#""!#"0"!#"0"!#""!#""!#""!#""!#""!#""!#""!#""!#""!#""!#""!#""!#"255"!#"E"!#"8"!#"A"!#""!#""!#""!#""!#""!#""!#""!#""!#""!#"0"!#"0"!#"0"!#"0"!#""!#""!#""!#""!#""!#""!#""!#""!#""!#""!#""!#""!#""!#""!#""!#""!#""!#""!#""!#""!#""!#""!#""!#""!#""!#""!#""!#""!#""!#""!#""!#""!#""!#""!#""!#""!#""!#""!#""!#""!#""!#""!#""!#""!#""!#""!#""!#""!#""!#""!#""!#""!#""!#""!#""!#""!#""!#""!#""!#""!#""!#""!#""!#""!#""!#""!#""!#"0.00"!#""!#""!#""!#""!#""!#""!#""!#""!#""!#""!#""!#""!#""!#""!#""!#""!#""!#""!#""!#""!#""!#""!#""!#""!#""!#""!#""!#""!#""!#""!#""!#""!#""!#""!#""!#""!#""!#""!#""!#""!#"4.11"!#""!#""!#""!#""!#""!#""!#""!#""!#""!#""!#""!#""!#""!#""!#""!#""!#""!#""!#""!#""!#""!#""!#"19/06/2023"!#""!#"1290"!#"1790"!#"01/01/2021"!#""!#""!#""!#""!#""
"RC1860977"!#"2023/08-5"!#"vente"!#"Maison "!#"40330"!#"AMOU"!#"France"!#"186 Impasse de Mourthé,"!#""!#""!#"399500"!#""!#""!#""!#""!#"235"!#"2690"!#"7"!#"4"!#"Maison ancienne à étage, 234 m² sur 2690 m² de terrain"!#"Découvrez le parfait équilibre entre charme et modernité dans cette maison ancienne à étage de 235 m². <br>Au rez-de-chaussée, une entrée accueillante, une chambre avec placard, une belle cuisine ouverte sur un premier salon, un cellier-buanderie, une salle d'eau, un WC, la chaufferie et un spacieux préau extérieur. <br>L'étage vous offre trois chambres spacieuses, un WC, une salle d'eau et un comble aménageable pour vos projets.<br>Nichée sur une parcelle de 2690 m² clôturée, cette propriété vous enveloppe de tranquillité et d'intimité, préservée des regards indiscrets. <br>Le mariage parfait entre histoire et confort moderne, cette maison de caractère vous accueille sans nécessiter de gros travaux.<br>Profitez de journées ensoleillées dans le vaste jardin, créez des souvenirs inoubliables avec vos proches.<br>Explorez également la possibilité de créer un gîte ou des chambres d'hôte. <br>Contactez-nous dès maintenant pour une visite et embarquez dans l'histoire de cette maison exceptionnelle. <br><br>Prix : 399 500€<br>Contact 06 77 31 26 39 ou  contact@papsimmo.frLes informations sur les risques auxquels, ce bien est exposé sont disponibles sur le site Géorisques : www.georisques.gouv.fr"!#""!#""!#"1"!#""!#""!#"1900"!#""!#"0"!#""!#"2"!#"0"!#"9344"!#""!#"0"!#"0"!#"0"!#"1"!#"0"!#""!#"0"!#"0"!#""!#"0"!#"0"!#"0"!#"0"!#"1"!#""!#""!#""!#""!#""!#""!#""!#""!#""!#""!#""!#""!#"0"!#"0"!#"0"!#"0"!#"0"!#"0"!#"0"!#"0"!#"0"!#"0"!#"0"!#"0"!#"0"!#"0"!#"0"!#"0"!#"0"!#"0"!#""!#""!#"0"!#"SL"!#"0"!#"0"!#"http://127.0.0.1:8000/images/galery/20230831-102043-64f1057119b5d698609043.jpg?20230831"!#"http://127.0.0.1:8000/images/galery/20230831-103137-64f106c7dff19323269273.jpg?20230831"!#"http://127.0.0.1:8000/images/galery/20230831-102717-64f105c518f45725385920.jpg?20230831"!#"http://127.0.0.1:8000/images/galery/20230831-101154-64f105e230da4512323640.jpg?20230831"!#"http://127.0.0.1:8000/images/galery/20230831-101325-64f105ee18897675734159.jpg?20230831"!#"http://127.0.0.1:8000/images/galery/20230831-100538-64f10614ab265648528433.jpg?20230831"!#"http://127.0.0.1:8000/images/galery/20230831-100704-64f1060629f23786662455.jpg?20230831"!#"http://127.0.0.1:8000/images/galery/20230831-100931-64f1063e26e49413746785.jpg?20230831"!#"http://127.0.0.1:8000/images/galery/20230831-102939-64f10656ef5f6820828901.jpg?20230831"!#"Photo-2023/08-5-1"!#"Photo-2023/08-5-2"!#"Photo-2023/08-5-3"!#"Photo-2023/08-5-4"!#"Photo-2023/08-5-5"!#"Photo-2023/08-5-6"!#"Photo-2023/08-5-7"!#"Photo-2023/08-5-8"!#"Photo-2023/08-5-9"!#""!#""!#"06.77.31.26.39"!#"PAPs immo"!#"contact@papsimmo.fr"!#"40330"!#"AMOU"!#""!#""!#"43"!#"24/08/2023"!#""!#""!#""!#""!#""!#""!#""!#""!#""!#""!#""!#""!#""!#""!#""!#""!#""!#""!#""!#""!#""!#""!#""!#""!#""!#""!#""!#""!#""!#""!#""!#""!#""!#""!#""!#""!#""!#""!#""!#""!#""!#""!#""!#""!#""!#""!#""!#""!#"0"!#"0"!#"http://127.0.0.1:8000/images/galery/20230831-102813-64f1067bf30b0951599840.jpg?20230831"!#"http://127.0.0.1:8000/images/galery/20230831-103012-64f1069214088234011637.jpg?20230831"!#"http://127.0.0.1:8000/images/galery/20230831-100640-64f106e0f0fce213738984.jpg?20230831"!#""!#""!#""!#""!#""!#""!#""!#""!#""!#"126"!#"C"!#"10"!#"A"!#""!#""!#""!#""!#""!#""!#""!#""!#""!#"0"!#"0"!#"0"!#"0"!#""!#""!#""!#""!#""!#""!#""!#""!#""!#""!#""!#""!#""!#""!#""!#""!#""!#""!#""!#""!#""!#""!#""!#""!#""!#""!#""!#""!#""!#""!#""!#""!#""!#""!#""!#""!#""!#""!#""!#""!#""!#""!#""!#""!#""!#""!#""!#""!#""!#""!#""!#""!#""!#""!#""!#""!#""!#""!#""!#""!#""!#""!#""!#""!#""!#""!#""!#"0.00"!#""!#""!#""!#""!#""!#""!#""!#""!#""!#""!#""!#""!#""!#"Photo-2023/08-5-10"!#"Photo-2023/08-5-11"!#"Photo-2023/08-5-12"!#""!#""!#""!#""!#""!#""!#""!#""!#""!#""!#""!#""!#""!#""!#""!#""!#""!#""!#""!#""!#""!#""!#""!#""!#"4.11"!#""!#""!#""!#""!#""!#""!#""!#""!#""!#""!#""!#""!#""!#""!#""!#""!#""!#""!#""!#""!#""!#""!#"22/02/2023"!#""!#"1918"!#"2596"!#"01/01/2021"!#""!#""!#""!#""!#""
"RC1860977"!#"2023/08-6"!#"vente"!#"Propriété"!#"40190"!#"PUJO-LE-PLAN"!#"France"!#"409 chemin de Laurot"!#""!#""!#"470000"!#""!#""!#""!#""!#"122"!#"195025"!#"7"!#"4"!#"Propriété agricole avec maison d'habitation"!#"Propriété agricole sur la commune de Pujo-le-Plan (40190) composée de 19ha50a25ca de terres agricoles cultivées en agriculture biologique dont 12 ha irrigués et d'une maison d'habitation datant des années 80 de 122 m² habitables,.La maison bâtie sur un terrain clos de 1845m² s'étend sur deux niveaux . Elle est composée à l'étage d'un séjour spacieux, d’une cuisine   indépendante, de 3 chambres lumineuses, d’une salle de bain et d’un wc .L'entresol vous offre un vaste garage/atelier, une  chaufferie/buanderie, une chambre supplémentaire, une salle d’eau et un WCPrix: 470 000€Contact au 06 03 98 08 42 ou mphernandez@papsimmo.fr.<br>Les informations sur les risques auxquels, ce bien est exposé sont disponibles sur le site Géorisques : www.georisques.gouv.fr"!#""!#""!#"1"!#""!#""!#"1980"!#""!#"1"!#""!#"2"!#"0"!#"512"!#""!#"0"!#"0"!#"0"!#"1"!#"1"!#""!#"0"!#"0"!#""!#"0"!#"0"!#"0"!#"0"!#"1"!#""!#""!#""!#""!#""!#""!#""!#""!#""!#""!#""!#""!#"0"!#"0"!#"0"!#"0"!#"0"!#"0"!#"0"!#"0"!#"0"!#"0"!#"0"!#"0"!#"0"!#"0"!#"0"!#"0"!#"0"!#"0"!#""!#""!#"0"!#"SL"!#"0"!#"0"!#"http://127.0.0.1:8000/images/galery/img-20230915-121401-65075e94d446c532571881.jpg?20230917"!#"http://127.0.0.1:8000/images/galery/img-20230915-121334-6507e1520bff2770805540.jpg?20230918"!#"http://127.0.0.1:8000/images/galery/dscf1138-6507e0f47076d777957618.jpg?20230918"!#"http://127.0.0.1:8000/images/galery/dscf1148-6507e107b28e3904708486.jpg?20230918"!#"http://127.0.0.1:8000/images/galery/img-20230915-121113-65075d2eba386334061628.jpg?20230917"!#"http://127.0.0.1:8000/images/galery/dscf1137-6507e0e9a7432085300677.jpg?20230918"!#"http://127.0.0.1:8000/images/galery/img-20230915-120911-6507e11dc7340663430989.jpg?20230918"!#"http://127.0.0.1:8000/images/galery/img-20230915-120931-6507e1798e8f8960626993.jpg?20230918"!#"http://127.0.0.1:8000/images/galery/img-20230915-120924-6507e470e7f65509064287.jpg?20230918"!#"Photo-2023/08-6-1"!#"Photo-2023/08-6-2"!#"Photo-2023/08-6-3"!#"Photo-2023/08-6-4"!#"Photo-2023/08-6-5"!#"Photo-2023/08-6-6"!#"Photo-2023/08-6-7"!#"Photo-2023/08-6-8"!#"Photo-2023/08-6-9"!#""!#""!#"06.03.98.08.42"!#"Marie Paule Hernandez"!#"mphernandez@papsimmo.fr"!#"40190"!#"PUJO-LE-PLAN"!#""!#""!#"44"!#"30/08/2023"!#""!#""!#""!#""!#""!#""!#""!#""!#""!#""!#""!#""!#""!#""!#""!#""!#""!#""!#""!#""!#""!#""!#""!#""!#""!#""!#""!#""!#""!#""!#""!#""!#""!#""!#""!#""!#""!#""!#""!#""!#""!#""!#""!#""!#""!#""!#""!#""!#"0"!#"0"!#"http://127.0.0.1:8000/images/galery/img-20230915-120841-6507e4764fcce878250017.jpg?20230918"!#""!#""!#""!#""!#""!#""!#""!#""!#""!#""!#""!#"237"!#"E"!#"62"!#"B"!#""!#""!#""!#""!#""!#""!#""!#""!#""!#"0"!#"0"!#"0"!#"0"!#""!#""!#""!#""!#""!#""!#""!#""!#""!#""!#""!#""!#""!#""!#""!#""!#""!#""!#""!#""!#""!#""!#""!#""!#""!#""!#""!#""!#""!#""!#""!#""!#""!#""!#""!#""!#""!#""!#""!#""!#""!#""!#""!#""!#""!#""!#""!#""!#""!#""!#""!#""!#""!#""!#""!#""!#""!#""!#""!#""!#""!#""!#""!#""!#""!#""!#""!#"0.00"!#""!#""!#""!#""!#""!#""!#""!#""!#""!#""!#""!#""!#""!#"Photo-2023/08-6-10"!#""!#""!#""!#""!#""!#""!#""!#""!#""!#""!#""!#""!#""!#""!#""!#""!#""!#""!#""!#""!#""!#""!#""!#""!#""!#""!#"4.11"!#""!#""!#""!#""!#""!#""!#""!#""!#""!#""!#""!#""!#""!#""!#""!#""!#""!#""!#""!#""!#""!#""!#"31/05/2023"!#""!#"3470"!#"4760"!#"20/01/2023"!#""!#""!#""!#""!#""
"RC1860977"!#"2023/09-1"!#"vente"!#"Appartement "!#"33300"!#"BORDEAUX"!#"France"!#"108 Bis cours St Louis"!#""!#""!#"289000"!#""!#""!#""!#""!#"62"!#"0"!#"3"!#"2"!#"Chartrons, Bordeaux - Élégance Urbaine au 3ème Étage avec Ascenseur, Parking Privé"!#"Appartement T3, situé au 3ème étage d'une résidence sécurisée avec ascenseur, au cœur du quartier prisé des Chartrons à Bordeaux.<br>Cet espace lumineux vous accueille avec une entrée élégante menant à un séjour baigné de lumière, associé à une cuisine ouverte entièrement équipée. <br>Deux chambres spacieuses avec placard vous offrent un espace de rangement bien pensé. Une salle de bains, des toilettes séparées, une buanderie et un balcon-terrasse généreux complètent ce tableau idéal.<br>Pour couronner le tout, une place de parking privative en sous-sol est à votre disposition, garantissant sécurité et commodité au quotidien.<br>Cet appartement a été soigneusement rénové pour refléter les tendances actuelles, offrant un cadre de vie contemporain où il fait bon vivre.<br>Ne laissez pas passer cette opportunité unique de vivre dans l'un des quartiers les plus recherchés de Bordeaux.<br>Votre futur chez-vous vous attend !<br>Taxe foncière : 1190€Prix : 289 000€<br>Contact 06 77 31 26 39 ou  contact@papsimmo.frLes informations sur les risques auxquels, ce bien est exposé sont disponibles sur le site Géorisques : www.georisques.gouv.fr"!#""!#""!#"3"!#""!#""!#"2006"!#""!#"1"!#""!#"1"!#"0"!#""!#""!#"0"!#"0"!#"0"!#"1"!#"0"!#""!#"0"!#"0"!#""!#"0"!#"0"!#"0"!#"0"!#"1"!#""!#""!#""!#""!#""!#""!#""!#""!#""!#""!#""!#""!#"0"!#"0"!#"0"!#"0"!#"0"!#"0"!#"0"!#"0"!#"0"!#"0"!#"0"!#"0"!#"0"!#"0"!#"0"!#"0"!#"0"!#"0"!#""!#""!#"0"!#"SL"!#"0"!#"0"!#"http://127.0.0.1:8000/images/galery/20230901-112706-64f454f442419993123715.jpg?20230903"!#"http://127.0.0.1:8000/images/galery/20230901-112525-64f4553bba471485114038.jpg?20230903"!#"http://127.0.0.1:8000/images/galery/20230901-112828-64f45503e7920768919213.jpg?20230903"!#"http://127.0.0.1:8000/images/galery/20230901-112928-64f45514359e8778855780.jpg?20230903"!#"http://127.0.0.1:8000/images/galery/20230901-112906-64f4552575b28074646238.jpg?20230903"!#""!#""!#""!#""!#"Photo-2023/09-1-1"!#"Photo-2023/09-1-2"!#"Photo-2023/09-1-3"!#"Photo-2023/09-1-4"!#"Photo-2023/09-1-5"!#""!#""!#""!#""!#""!#""!#"06.77.31.26.39"!#"PAPs immo"!#"contact@papsimmo.fr"!#"33300"!#"BORDEAUX"!#""!#""!#"46"!#"01/09/2023"!#""!#""!#""!#""!#""!#""!#""!#""!#""!#""!#""!#""!#""!#""!#""!#""!#""!#""!#""!#""!#""!#""!#""!#""!#""!#""!#""!#""!#""!#""!#""!#""!#""!#""!#""!#""!#""!#""!#""!#""!#""!#""!#""!#""!#""!#""!#""!#""!#"0"!#"0"!#""!#""!#""!#""!#""!#""!#""!#""!#""!#""!#""!#""!#"133"!#"C"!#"4"!#"A"!#""!#""!#""!#""!#""!#""!#""!#""!#""!#"0"!#"0"!#"0"!#"0"!#""!#""!#""!#""!#""!#""!#""!#""!#""!#""!#""!#""!#""!#""!#""!#""!#""!#""!#""!#""!#""!#""!#""!#""!#""!#""!#""!#""!#""!#""!#""!#""!#""!#""!#""!#""!#""!#""!#""!#""!#""!#""!#""!#""!#""!#""!#""!#""!#""!#""!#""!#""!#""!#""!#""!#""!#""!#""!#""!#""!#""!#""!#""!#""!#""!#"1"!#""!#"1280.00"!#""!#""!#""!#""!#""!#""!#""!#""!#""!#""!#""!#""!#""!#""!#""!#""!#""!#""!#""!#""!#""!#""!#""!#""!#""!#""!#""!#""!#""!#""!#""!#""!#""!#""!#""!#""!#""!#""!#""!#""!#"4.11"!#""!#""!#""!#""!#""!#""!#""!#""!#""!#""!#""!#""!#""!#""!#""!#""!#""!#""!#""!#""!#""!#""!#"24/05/2023"!#""!#"540"!#"790"!#"01/01/2021"!#""!#""!#""!#""!#""
"RC1860977"!#"2023/09-2"!#"vente"!#"Maison "!#"40240"!#"SAINT-JUSTIN"!#"France"!#"965 route de Herré"!#""!#""!#"159000"!#""!#""!#""!#""!#"75"!#"1260"!#"4"!#"2"!#"Maison plain-pied sur un terrain de 1260 m²"!#"Cette maison de plain-pied est un véritable havre de paix. <br>Elle offre un salon, avec une cheminée équipée d'un insert bois, crée une ambiance chaleureuse, tandis que la salle à manger offre un accès direct à une terrasse couverte, idéale pour les repas en plein air, une cuisine entièrement équipée, deux chambres avec placard, une salle d'eau bien aménagée (douche, meuble vasque, bidet), des toilettes séparées et un cellier/buanderie avec une mezzanine astucieuse.<br>Le terrain est clôturé, préservant votre intimité à tout moment. Pas de vis-à-vis, seulement la sérénité d'un environnement calme et paisible. De plus, une petite dépendance avec un bucher, un récupérateur d'eau 1300 Litres et un grand garage à double entrée sont à votre disposition.<br>Profitez du confort d'un chauffage rayonnant au plafond avec label, réglable à distance via votre téléphone pour une maison toujours à la température idéale.<br>Que vous recherchiez un chez-vous pour votre famille ou un refuge paisible pour votre retraite, ce bien répond à toutes vos attentes.<br>N'attendez pas, contactez-nous dès maintenant pour une visite sur le commune d'ESTIGARDE<br>Votre avenir commence ici, dans cette maison où le calme et le confort sont au rendez-vous.<br>Taxe foncière : 256€Prix : 159 000€<br>Contact 06 77 31 26 39 ou  contact@papsimmo.frLes informations sur les risques auxquels, ce bien est exposé sont disponibles sur le site Géorisques : www.georisques.gouv.fr "!#""!#""!#"0"!#""!#""!#"1998"!#""!#"0"!#""!#"1"!#"0"!#"2048"!#""!#"0"!#"0"!#"0"!#"1"!#"0"!#""!#"0"!#"0"!#""!#"0"!#"0"!#"0"!#"0"!#"1"!#""!#""!#""!#""!#""!#""!#""!#""!#""!#""!#""!#""!#"0"!#"0"!#"0"!#"0"!#"0"!#"0"!#"0"!#"0"!#"0"!#"0"!#"0"!#"0"!#"0"!#"0"!#"0"!#"0"!#"0"!#"0"!#""!#""!#"0"!#"SL"!#"0"!#"0"!#"http://127.0.0.1:8000/images/galery/20230904-100934-64f5f1de05c82507667620.jpg?20230904"!#"http://127.0.0.1:8000/images/galery/20230904-100221-64f5f22e31ce6989215293.jpg?20230904"!#"http://127.0.0.1:8000/images/galery/20230904-100259-64f5f913619cf424566436.jpg?20230904"!#"http://127.0.0.1:8000/images/galery/20230904-095814-64f5f213262ce021005022.jpg?20230904"!#"http://127.0.0.1:8000/images/galery/dscn4604-64f5f7efc9ca8036358312.jpg?20230904"!#"http://127.0.0.1:8000/images/galery/20230904-100522-64f5fb5f055e6835891344.jpg?20230904"!#"http://127.0.0.1:8000/images/galery/20230904-100606-64f5fb8524008571491174.jpg?20230904"!#""!#""!#"Photo-2023/09-2-1"!#"Photo-2023/09-2-2"!#"Photo-2023/09-2-3"!#"Photo-2023/09-2-4"!#"Photo-2023/09-2-5"!#"Photo-2023/09-2-6"!#"Photo-2023/09-2-7"!#""!#""!#""!#""!#"06.77.31.26.39"!#"PAPs immo"!#"contact@papsimmo.fr"!#"40240"!#"SAINT-JUSTIN"!#""!#""!#"47"!#"04/09/2023"!#""!#""!#""!#""!#""!#""!#""!#""!#""!#""!#""!#""!#""!#""!#""!#""!#""!#""!#""!#""!#""!#""!#""!#""!#""!#""!#""!#""!#""!#""!#""!#""!#""!#""!#""!#""!#""!#""!#""!#""!#""!#""!#""!#""!#""!#""!#""!#""!#"0"!#"0"!#""!#""!#""!#""!#""!#""!#""!#""!#""!#""!#""!#""!#"238"!#"E"!#"7"!#"A"!#""!#""!#""!#""!#""!#""!#""!#""!#""!#"0"!#"0"!#"0"!#"0"!#""!#""!#""!#""!#""!#""!#""!#""!#""!#""!#""!#""!#""!#""!#""!#""!#""!#""!#""!#""!#""!#""!#""!#""!#""!#""!#""!#""!#""!#""!#""!#""!#""!#""!#""!#""!#""!#""!#""!#""!#""!#""!#""!#""!#""!#""!#""!#""!#""!#""!#""!#""!#""!#""!#""!#""!#""!#""!#""!#""!#""!#""!#""!#""!#""!#""!#""!#"0.00"!#""!#""!#""!#""!#""!#""!#""!#""!#""!#""!#""!#""!#""!#""!#""!#""!#""!#""!#""!#""!#""!#""!#""!#""!#""!#""!#""!#""!#""!#""!#""!#""!#""!#""!#""!#""!#""!#""!#""!#""!#"4.11"!#""!#""!#""!#""!#""!#""!#""!#""!#""!#""!#""!#""!#""!#""!#""!#""!#""!#""!#""!#""!#""!#""!#"04/09/2023"!#""!#"1010"!#"1420"!#"01/01/2021"!#""!#""!#""!#""!#""
"RC1860977"!#"2023/09-3"!#"vente"!#"Propriété"!#"40190"!#"PUJO-LE-PLAN"!#"France"!#"110 Impasse de Couget"!#""!#""!#"535500"!#""!#""!#""!#""!#"143"!#"174920"!#"8"!#"3"!#"Propriété  agricole et corps de ferme"!#" Propriété agricole sur la commune de Pujo-le-Plan, à 20 mn de Mont de Marsan, composée de 17ha49a 20ca de terres agricoles cultivées en agriculture biologique dont 10 irrigués et d'un grand corps de ferme à rénover avec  cour intérieure sur un  airial d'environ un hectare.Cette ferme traditionnelle du pays est nichée dans  un cadre authentique et paisible, sans voisinage proche. Elle vous propose  un espace de vie de 143m² habitables et de nombreuses dépendances et auvents (chais, étables, four à pain...) qui offrent  un potentiel exceptionnel pour un projet agricole, une ferme équestre ou une  propriété d’agrément...Prix: 535 500€Contact au 06 03 98 08 42 ou mphernandez@papsimmo.frLes informations sur les risques auxquels, ce bien est exposé sont disponibles sur le site Géorisques : www.georisques.gouv.fr"!#""!#""!#"0"!#""!#""!#""!#""!#"1"!#""!#"1"!#"0"!#"512"!#""!#"0"!#"0"!#"0"!#"1"!#"0"!#""!#"0"!#"0"!#""!#"0"!#"0"!#"0"!#"0"!#"0"!#""!#""!#""!#""!#""!#""!#""!#""!#""!#""!#""!#""!#"0"!#"0"!#"0"!#"0"!#"0"!#"0"!#"0"!#"0"!#"0"!#"0"!#"0"!#"0"!#"0"!#"0"!#"0"!#"0"!#"0"!#"0"!#""!#""!#"0"!#"SL"!#"0"!#"0"!#"http://127.0.0.1:8000/images/galery/img-20230915-110931-65076002ed669986837781.jpg?20230917"!#"http://127.0.0.1:8000/images/galery/dscf1090-65076ccd9f490828397220.jpg?20230917"!#"http://127.0.0.1:8000/images/galery/dscf1092-65076f6ea98f1113191684.jpg?20230917"!#"http://127.0.0.1:8000/images/galery/dscf1095-650770e012ded889328037.jpg?20230917"!#"http://127.0.0.1:8000/images/galery/dscf1086-65076145b6241819688964.jpg?20230917"!#"http://127.0.0.1:8000/images/galery/dscf1088-6507688267650988253836.jpg?20230917"!#"http://127.0.0.1:8000/images/galery/dscf1099-6507718f0d8ff154308014.jpg?20230917"!#"http://127.0.0.1:8000/images/galery/dscf1110-650772a623236022494530.jpg?20230917"!#"http://127.0.0.1:8000/images/galery/dscf1109-6507dc8662f7c292488302.jpg?20230918"!#"Photo-2023/09-3-1"!#"Photo-2023/09-3-2"!#"Photo-2023/09-3-3"!#"Photo-2023/09-3-4"!#"Photo-2023/09-3-5"!#"Photo-2023/09-3-6"!#"Photo-2023/09-3-7"!#"Photo-2023/09-3-8"!#"Photo-2023/09-3-9"!#""!#""!#"06.03.98.08.42"!#"Marie Paule Hernandez"!#"mphernandez@papsimmo.fr"!#"40190"!#"PUJO-LE-PLAN"!#""!#""!#"45"!#"31/08/2023"!#""!#""!#""!#""!#""!#""!#""!#""!#""!#""!#""!#""!#""!#""!#""!#""!#""!#""!#""!#""!#""!#""!#""!#""!#""!#""!#""!#""!#""!#""!#""!#""!#""!#""!#""!#""!#""!#""!#""!#""!#""!#""!#""!#""!#""!#""!#""!#""!#"0"!#"0"!#"http://127.0.0.1:8000/images/galery/dscf1115-6507dd644c164996354459.jpg?20230918"!#""!#""!#""!#""!#""!#""!#""!#""!#""!#""!#""!#"256"!#"E"!#"44"!#"A"!#""!#""!#""!#""!#""!#""!#""!#""!#""!#"0"!#"0"!#"0"!#"0"!#""!#""!#""!#""!#""!#""!#""!#""!#""!#""!#""!#""!#""!#""!#""!#""!#""!#""!#""!#""!#""!#""!#""!#""!#""!#""!#""!#""!#""!#""!#""!#""!#""!#""!#""!#""!#""!#""!#""!#""!#""!#""!#""!#""!#""!#""!#""!#""!#""!#""!#""!#""!#""!#""!#""!#""!#""!#""!#""!#""!#""!#""!#""!#""!#""!#""!#""!#"0.00"!#""!#""!#""!#""!#""!#""!#""!#""!#""!#""!#""!#""!#""!#"Photo-2023/09-3-10"!#""!#""!#""!#""!#""!#""!#""!#""!#""!#""!#""!#""!#""!#""!#""!#""!#""!#""!#""!#""!#""!#""!#""!#""!#""!#""!#"4.11"!#""!#""!#""!#""!#""!#""!#""!#""!#""!#""!#""!#""!#""!#""!#""!#""!#""!#""!#""!#""!#""!#""!#"28/04/2023"!#""!#"3250"!#"4450"!#"20/01/2023"!#""!#""!#""!#""!#""
"RC1860977"!#"2023/101046-1"!#"location"!#"Bureau "!#"40280"!#"SAINT-PIERRE-DU-MONT"!#"France"!#"ZI de la téoulere"!#""!#""!#"2950"!#"2950"!#""!#""!#""!#"234"!#"0"!#"15"!#"0"!#"LOCATION BUREAU"!#"Immeuble de bureau d'un seul niveau composé de 9 bureaux, d'un open-space, d'un salle d'attente, d'une salle de repos, d'une salle d'archive, de sanitaire, couloirs de circulations et de palcards sur environ 232 m².<br>Parking plusieurs places, batiment sous alarme.<br>Disponible de suite.Loyer mensuel HT: 2950€<br>Charges mensuelles HT: 100€Contact  06 77 31 26 39 ou  contact@papsimmo.frLes informations sur les risques auxquels ce bien est exposé sont disponibles sur le site Géorisques : www.georisques.gouv.fr<br>Dépôt de garantie : 5900€.<br><br><br> "!#""!#""!#"0"!#""!#""!#"1997"!#""!#"0"!#""!#"0"!#"0"!#""!#""!#"0"!#"0"!#"0"!#"1"!#"0"!#""!#"0"!#"0"!#""!#"0"!#"0"!#"0"!#"0"!#"0"!#""!#""!#""!#""!#""!#""!#""!#""!#""!#""!#""!#""!#"0"!#"0"!#"0"!#"0"!#"0"!#"0"!#"0"!#"0"!#"0"!#"0"!#"0"!#"0"!#"0"!#"0"!#"0"!#"0"!#"0"!#"0"!#""!#""!#"0"!#"SL"!#"0"!#"0"!#"http://127.0.0.1:8000/images/galery/capture-d-ecran-2023-10-17-081501-652e3c55d0a0e334344639.jpeg?20231017"!#"http://127.0.0.1:8000/images/galery/capture-d-ecran-2023-10-17-081547-652e3c51013e2305265745.jpeg?20231017"!#"http://127.0.0.1:8000/images/galery/capture-d-ecran-2023-10-17-081238-652e3c5baea76379242495.jpeg?20231017"!#""!#""!#""!#""!#""!#""!#"Photo-2023/101046-1-1"!#"Photo-2023/101046-1-2"!#"Photo-2023/101046-1-3"!#""!#""!#""!#""!#""!#""!#""!#""!#"06.77.31.26.39"!#"PAPs immo"!#"contact@papsimmo.fr"!#"40280"!#"SAINT-PIERRE-DU-MONT"!#""!#""!#"50"!#"10/10/2023"!#""!#""!#""!#""!#""!#""!#""!#""!#""!#""!#""!#""!#""!#""!#""!#""!#""!#""!#""!#""!#""!#""!#""!#""!#""!#""!#""!#""!#""!#""!#""!#""!#""!#""!#""!#""!#""!#""!#""!#""!#""!#""!#""!#""!#""!#""!#""!#""!#"0"!#"0"!#""!#""!#""!#""!#""!#""!#""!#""!#""!#""!#""!#""!#"0"!#"VI"!#"0"!#"VI"!#""!#""!#""!#""!#""!#""!#""!#""!#""!#"0"!#"0"!#"0"!#"0"!#""!#""!#""!#""!#""!#""!#""!#""!#""!#""!#""!#""!#""!#"non"!#"non"!#"non"!#"non"!#"non"!#"non"!#"non"!#"non"!#""!#""!#""!#""!#""!#""!#""!#""!#""!#""!#""!#""!#""!#""!#""!#""!#""!#""!#""!#""!#""!#""!#""!#""!#""!#""!#""!#""!#""!#""!#""!#""!#""!#""!#""!#""!#""!#""!#""!#""!#""!#""!#""!#""!#""!#""!#"0.00"!#""!#""!#""!#""!#""!#""!#""!#""!#""!#""!#""!#""!#""!#""!#""!#""!#""!#""!#""!#""!#""!#""!#""!#""!#""!#""!#""!#""!#""!#""!#""!#""!#""!#""!#""!#""!#""!#""!#""!#""!#"4.11"!#""!#""!#""!#""!#""!#""!#""!#""!#""!#""!#""!#""!#""!#""!#""!#""!#""!#""!#""!#""!#""!#""!#""!#""!#"0"!#"0"!#""!#""!#""!#""!#""!#""
"RC1860977"!#"2023/101042-1"!#"vente"!#"Terrain "!#"40120"!#"CACHEN"!#"France"!#"route du Ginx"!#""!#""!#"227000"!#""!#""!#""!#""!#"0"!#"11969"!#"0"!#"0"!#"Terrain constructible"!#"Magnifique terrain constructible DE 1Ha 19a 69ca, plat et arboré au bourg d'un village,<br>à 5 minutes de ROQUEFORT, de l'autoraoute A65 et 20 minutes de Mont de Marsan.Prix: 227 000€<br>Contact  06 77 31 26 39 ou  contact@papsimmo.frLes informations sur les risques auxquels, ce bien est exposé sont disponibles sur le site Géorisques : www.georisques.gouv.fr "!#""!#""!#"0"!#""!#""!#""!#""!#"0"!#""!#"0"!#"0"!#""!#""!#"0"!#"0"!#"0"!#"1"!#"0"!#""!#"0"!#"0"!#""!#"0"!#"0"!#"0"!#"0"!#"0"!#""!#""!#""!#""!#""!#""!#""!#""!#""!#""!#""!#""!#"0"!#"0"!#"0"!#"0"!#"0"!#"0"!#"0"!#"0"!#"0"!#"0"!#"0"!#"0"!#"0"!#"0"!#"0"!#"0"!#"0"!#"0"!#""!#""!#"0"!#"SL"!#"0"!#"0"!#"http://127.0.0.1:8000/images/galery/20230927-143606-6525546334f57792205905.jpg?20231010"!#"http://127.0.0.1:8000/images/galery/20230927-143612-652554761f9f3187913383.jpg?20231010"!#"http://127.0.0.1:8000/images/galery/20230927-143632-65255480c0657574133762.jpg?20231010"!#"http://127.0.0.1:8000/images/galery/20230927-143849-65255487a54ad875788679.jpg?20231010"!#""!#""!#""!#""!#""!#"Photo-2023/101042-1-1"!#"Photo-2023/101042-1-2"!#"Photo-2023/101042-1-3"!#"Photo-2023/101042-1-4"!#""!#""!#""!#""!#""!#""!#""!#"06.77.31.26.39"!#"PAPs immo"!#"contact@papsimmo.fr"!#"40120"!#"CACHEN"!#""!#""!#"51"!#"10/10/2023"!#""!#""!#""!#""!#""!#""!#""!#""!#""!#""!#""!#""!#""!#""!#""!#""!#""!#""!#""!#""!#""!#""!#""!#""!#""!#""!#""!#""!#""!#""!#""!#""!#""!#""!#""!#""!#""!#""!#""!#""!#""!#""!#""!#""!#""!#""!#""!#""!#"0"!#"0"!#""!#""!#""!#""!#""!#""!#""!#""!#""!#""!#""!#""!#"0"!#"NS"!#"0"!#"NS"!#""!#""!#""!#""!#""!#""!#""!#""!#""!#"0"!#"0"!#"0"!#"0"!#""!#""!#""!#""!#""!#""!#""!#""!#""!#""!#""!#""!#""!#""!#""!#""!#""!#""!#""!#""!#""!#""!#""!#""!#""!#""!#""!#""!#""!#""!#""!#""!#""!#""!#""!#""!#""!#""!#""!#""!#""!#""!#""!#""!#""!#""!#""!#""!#""!#""!#""!#""!#""!#""!#""!#""!#""!#""!#""!#""!#""!#""!#""!#""!#""!#""!#""!#"0.00"!#""!#""!#""!#""!#""!#""!#""!#""!#""!#""!#""!#""!#""!#""!#""!#""!#""!#""!#""!#""!#""!#""!#""!#""!#""!#""!#""!#""!#""!#""!#""!#""!#""!#""!#""!#""!#""!#""!#""!#""!#"4.11"!#""!#""!#""!#""!#""!#""!#""!#""!#""!#""!#""!#""!#""!#""!#""!#""!#""!#""!#""!#""!#""!#""!#""!#""!#"0"!#"0"!#""!#""!#""!#""!#""!#""
"RC1860977"!#"2023/101837-1"!#"vente"!#"Maison "!#"40140"!#"MAGESCQ"!#"France"!#"60, rue Larroze"!#""!#""!#"439000"!#""!#""!#""!#""!#"117"!#"602"!#"5"!#"3"!#"Maison récente sur 602 m² de terrain avec piscine"!#"Découvrez votre havre de paix à seulement 20 minutes de Dax, dans la commune de Magescq. <br>Cette maison contemporaine de plain-pied vous séduira par son élégance et sa luminosité.<br>Vous serez immédiatement conquis par son spacieux espace de vie de plus de 50 m², où le salon s'ouvre gracieusement sur une cuisine super équipée, comprenant une plaque à induction, un lave-vaisselle et un frigo américain. De plus, un cellier/buanderie adjacent offre un espace de rangement pratique. <br>Le bureau attenant à la pièce de vie, agrémenté d'une verrière, ajoute une touche de sophistication à cette résidence.<br>La chambre parentale est un véritable cocon, équipée d'un double placard/dressing et d'une salle d'eau privative avec une douche à l'italienne et un meuble vasque. Profitez d'un accès direct à la terrasse de la piscine, parfaite pour des moments de détente en plein air. <br>Les deux autres chambres disposent également de dressings ou de placards, avec un accès individuel à la salle de bain équipée d'un meuble double vasque, d'une baignoire, et d'un coin toilette.<br>Cette élégante maison de 117 m² repose sur un terrain de 602 m² entièrement clôturé, garantissant votre intimité. <br>Vous bénéficiez d'un portail électrique pour un maximum de confort et de sécurité. <br>Pour compléter cette offre irrésistible, une piscine de 6x4m, sécurisée avec sa terrasse bois et un espace convivial pour des rendez entre amis et/ou famille, datant de 2018, qui vous permettra de profiter de moments rafraîchissants pendant les journées ensoleillées.<br>Ne manquez pas cette occasion exceptionnelle d'acquérir votre coin de paradis à Magescq. <br>Contactez-nous dès maintenant pour organiser une visite<br>Taxe foncière : 984 €Prix : 439 000€<br>Contact 06 77 31 26 39 ou  contact@papsimmo.frLes informations sur les risques auxquels, ce bien est exposé sont disponibles sur le site Géorisques : www.georisques.gouv.fr "!#""!#""!#"0"!#""!#""!#"2017"!#""!#"1"!#""!#"2"!#"0"!#"8448"!#""!#"0"!#"0"!#"0"!#"1"!#"0"!#""!#"0"!#"0"!#""!#"0"!#"0"!#"0"!#"0"!#"1"!#""!#""!#""!#""!#""!#""!#""!#""!#""!#""!#""!#""!#"0"!#"0"!#"0"!#"0"!#"0"!#"0"!#"0"!#"0"!#"0"!#"0"!#"0"!#"0"!#"0"!#"0"!#"0"!#"0"!#"0"!#"0"!#""!#""!#"0"!#"SL"!#"0"!#"0"!#"http://127.0.0.1:8000/images/galery/20231017-175056-652f7349cfa07806326563.jpg?20231018"!#"http://127.0.0.1:8000/images/galery/20231017-175120-652f736079369779193265.jpg?20231018"!#"http://127.0.0.1:8000/images/galery/20231017-175409-652f760daaba2443453190.jpg?20231018"!#"http://127.0.0.1:8000/images/galery/20231017-175645-652f7477db9d7623412604.jpg?20231018"!#"http://127.0.0.1:8000/images/galery/20231017-175532-652f74e6b832f215253837.jpg?20231018"!#"http://127.0.0.1:8000/images/galery/20231017-175612-652f74c667261758004738.jpg?20231018"!#"http://127.0.0.1:8000/images/galery/20231017-175608-652f7452eea87867274153.jpg?20231018"!#"http://127.0.0.1:8000/images/galery/20231017-175703-652f74a74d18f837797075.jpg?20231018"!#"http://127.0.0.1:8000/images/galery/20231017-175156-652f73bf48e47887906102.jpg?20231018"!#"Photo-2023/101837-1-1"!#"Photo-2023/101837-1-2"!#"Photo-2023/101837-1-3"!#"Photo-2023/101837-1-4"!#"Photo-2023/101837-1-5"!#"Photo-2023/101837-1-6"!#"Photo-2023/101837-1-7"!#"Photo-2023/101837-1-8"!#"Photo-2023/101837-1-9"!#""!#""!#"06.77.31.26.39"!#"PAPs immo"!#"contact@papsimmo.fr"!#"40140"!#"MAGESCQ"!#""!#""!#"52"!#"18/10/2023"!#""!#""!#""!#""!#""!#""!#""!#""!#""!#""!#""!#""!#""!#""!#""!#""!#""!#""!#""!#""!#""!#""!#""!#""!#""!#""!#""!#""!#""!#""!#""!#""!#""!#""!#""!#""!#""!#""!#""!#""!#""!#""!#""!#""!#""!#""!#""!#""!#"0"!#"0"!#"http://127.0.0.1:8000/images/galery/20231017-175256-652f73d46348f830869113.jpg?20231018"!#"http://127.0.0.1:8000/images/galery/20231017-175023-652f76a110f32719273098.jpg?20231018"!#"http://127.0.0.1:8000/images/galery/img-20231018-081435-652f782df347c048123450.jpg?20231018"!#""!#""!#""!#""!#""!#""!#""!#""!#""!#"36"!#"A"!#"1"!#"A"!#""!#""!#""!#""!#""!#""!#""!#""!#""!#"0"!#"0"!#"0"!#"0"!#""!#""!#""!#""!#""!#""!#""!#""!#""!#""!#""!#""!#""!#""!#""!#""!#""!#""!#""!#""!#""!#""!#""!#""!#""!#""!#""!#""!#""!#""!#""!#""!#""!#""!#""!#""!#""!#""!#""!#""!#""!#""!#""!#""!#""!#""!#""!#""!#""!#""!#""!#""!#""!#""!#""!#""!#""!#""!#""!#""!#""!#""!#""!#""!#""!#""!#""!#"0.00"!#""!#""!#""!#""!#""!#""!#""!#""!#""!#""!#""!#""!#""!#"Photo-2023/101837-1-10"!#"Photo-2023/101837-1-11"!#"Photo-2023/101837-1-12"!#""!#""!#""!#""!#""!#""!#""!#""!#""!#""!#""!#""!#""!#""!#""!#""!#""!#""!#""!#""!#""!#""!#""!#""!#"4.11"!#""!#""!#""!#""!#""!#""!#""!#""!#""!#""!#""!#""!#""!#""!#""!#""!#""!#""!#""!#""!#""!#""!#"14/10/2021"!#""!#"462"!#"625"!#"01/01/2021"!#""!#""!#""!#""!#""